time_utc,sender,recipient,status,error
,,,,
,,,,
,,,,
,,,,
,,,,
,,,,
2026-04-27 17:08:05,UngDiem7h3fXv1@gmail.com,vboyht46@gmail.com,sent,
2026-04-27 17:11:38,UngDiem7h3fXv1@gmail.com,vboyht35@gmail.com,sent,
2026-04-27 17:14:05,UngDiem7h3fXv1@gmail.com,vboyht46@gmail.com,sent,
2026-04-27 17:14:30,UngDiem7h3fXv1@gmail.com,vboyht46@gmail.com,sent,
2026-04-27 17:19:20,UngDiem7h3fXv1@gmail.com,vboyht35@gmail.com,sent,
2026-04-27 17:21:49,UngDiem7h3fXv1@gmail.com,vboyht46@gmail.com,sent,
2026-04-27 17:24:25,UngDiem7h3fXv1@gmail.com,vboyht35@gmail.com,sent,
2026-04-27 17:27:24,UngDiem7h3fXv1@gmail.com,vboyht46@gmail.com,sent,
2026-04-27 17:31:28,UngDiem7h3fXv1@gmail.com,vboyht46@gmail.com,sent,
2026-04-27 17:38:37,UngDiem7h3fXv1@gmail.com,vboyht46@gmail.com,sent,
